Treatment,avg released LDH,LDH ttest,LDH total avg,% cytotoxicity,MTT avg,MTT ttest,MTT % viability
Control,0.96075,,1.7345,0,0.441,,100
HQ*1000,0.797875,0.04969096541,1.47725,6.807270233,0.4551666667,0.5198273996,103.2123961
SPK,0.76625,0.4702721264,1.6525,1.990599945,0.512,0.1403861734,116.0997732
HQ*100,0.785375,0.2437358022,1.592,4.4,0.4775,0.3676916962,108.276644
SPK+HQ*1000,0.7345,0.4825516214,1.555,-1.704369383,0.4641666667,0.5808603064,105.2532124
SPK+HQ*100,0.75175,0.8920882533,1.41175,0.5275056518,0.4593333333,0.6685645207,104.1572184